station,timestamp_local,precip_mm,wind_dir,wind_kn,visibility_nm,remarks
PORT_KESTREL_MET,2026-03-10 00:00,0.0,W,15,8,
PORT_KESTREL_MET,2026-03-10 01:00,0.0,SE,20,8,
PORT_KESTREL_MET,2026-03-10 02:00,0.0,NW,16,10,
PORT_KESTREL_MET,2026-03-10 03:00,0.0,W,13,6,
PORT_KESTREL_MET,2026-03-10 04:00,0.0,NW,14,6,
PORT_KESTREL_MET,2026-03-10 05:00,0.0,NW,7,8,
PORT_KESTREL_MET,2026-03-10 06:00,0.0,NE,11,10,
PORT_KESTREL_MET,2026-03-10 07:00,0.0,E,9,6,
PORT_KESTREL_MET,2026-03-10 08:00,0.0,SW,17,10,
PORT_KESTREL_MET,2026-03-10 09:00,0.0,SW,13,10,
PORT_KESTREL_MET,2026-03-10 10:00,0.0,SE,18,8,
PORT_KESTREL_MET,2026-03-10 11:00,0.0,NW,7,10,
PORT_KESTREL_MET,2026-03-10 12:00,0.0,E,6,8,
PORT_KESTREL_MET,2026-03-10 13:00,0.0,S,16,8,
PORT_KESTREL_MET,2026-03-10 14:00,0.0,N,11,10,
PORT_KESTREL_MET,2026-03-10 15:00,0.0,W,8,8,
PORT_KESTREL_MET,2026-03-10 16:00,0.0,N,11,6,
PORT_KESTREL_MET,2026-03-10 17:00,0.0,W,19,6,
PORT_KESTREL_MET,2026-03-10 18:00,0.0,W,16,6,
PORT_KESTREL_MET,2026-03-10 19:00,0.0,SE,15,10,
PORT_KESTREL_MET,2026-03-10 20:00,0.0,SW,12,8,
PORT_KESTREL_MET,2026-03-10 21:00,0.0,N,15,10,
PORT_KESTREL_MET,2026-03-10 22:00,0.0,NE,14,8,
PORT_KESTREL_MET,2026-03-10 23:00,0.0,NW,11,6,
PORT_KESTREL_MET,2026-03-11 00:00,0.0,E,8,8,
PORT_KESTREL_MET,2026-03-11 01:00,0.0,W,18,10,
PORT_KESTREL_MET,2026-03-11 02:00,0.0,SW,8,10,
PORT_KESTREL_MET,2026-03-11 03:00,0.0,W,10,6,
PORT_KESTREL_MET,2026-03-11 04:00,0.0,NW,21,10,
PORT_KESTREL_MET,2026-03-11 05:00,0.0,S,21,8,
PORT_KESTREL_MET,2026-03-11 06:00,0.0,S,10,10,
PORT_KESTREL_MET,2026-03-11 07:00,0.0,NW,6,6,
PORT_KESTREL_MET,2026-03-11 08:00,0.0,E,22,8,
PORT_KESTREL_MET,2026-03-11 09:00,0.0,N,11,8,
PORT_KESTREL_MET,2026-03-11 10:00,0.0,SE,10,8,
PORT_KESTREL_MET,2026-03-11 11:00,0.0,S,13,8,
PORT_KESTREL_MET,2026-03-11 12:00,0.0,W,10,8,
PORT_KESTREL_MET,2026-03-11 13:00,0.0,E,22,8,
PORT_KESTREL_MET,2026-03-11 14:00,0.0,NE,21,8,
PORT_KESTREL_MET,2026-03-11 15:00,0.0,SE,13,6,
PORT_KESTREL_MET,2026-03-11 16:00,0.0,W,14,8,
PORT_KESTREL_MET,2026-03-11 17:00,0.0,E,13,10,
PORT_KESTREL_MET,2026-03-11 18:00,0.0,SW,6,8,
PORT_KESTREL_MET,2026-03-11 19:00,0.0,SW,14,6,
PORT_KESTREL_MET,2026-03-11 20:00,0.0,W,18,10,
PORT_KESTREL_MET,2026-03-11 21:00,0.0,NE,14,6,
PORT_KESTREL_MET,2026-03-11 22:00,0.0,S,10,8,
PORT_KESTREL_MET,2026-03-11 23:00,0.0,N,14,10,
PORT_KESTREL_MET,2026-03-12 00:00,0.0,SW,12,6,
PORT_KESTREL_MET,2026-03-12 01:00,0.0,S,14,6,
PORT_KESTREL_MET,2026-03-12 02:00,0.0,E,21,6,
PORT_KESTREL_MET,2026-03-12 03:00,0.0,W,21,8,
PORT_KESTREL_MET,2026-03-12 04:00,0.0,NW,14,10,
PORT_KESTREL_MET,2026-03-12 05:00,0.0,SE,10,10,
PORT_KESTREL_MET,2026-03-12 06:00,0.0,NE,10,8,
PORT_KESTREL_MET,2026-03-12 07:00,0.0,SW,10,10,
PORT_KESTREL_MET,2026-03-12 08:00,0.0,NW,21,10,
PORT_KESTREL_MET,2026-03-12 09:00,0.0,E,7,8,
PORT_KESTREL_MET,2026-03-12 10:00,0.0,SE,20,10,
PORT_KESTREL_MET,2026-03-12 11:00,0.0,SE,8,6,
PORT_KESTREL_MET,2026-03-12 12:00,0.0,NE,7,10,
PORT_KESTREL_MET,2026-03-12 13:00,0.0,SE,14,10,
PORT_KESTREL_MET,2026-03-12 14:00,3.2,S,7,3,RA
PORT_KESTREL_MET,2026-03-12 15:00,2.9,E,8,3,RA
PORT_KESTREL_MET,2026-03-12 16:00,2.6,E,7,3,RA
PORT_KESTREL_MET,2026-03-12 17:00,1.6,N,8,3,RA
PORT_KESTREL_MET,2026-03-12 18:00,0.0,SW,19,8,
PORT_KESTREL_MET,2026-03-12 19:00,0.0,E,6,6,
PORT_KESTREL_MET,2026-03-12 20:00,0.0,NW,12,10,
PORT_KESTREL_MET,2026-03-12 21:00,0.0,E,22,6,
PORT_KESTREL_MET,2026-03-12 22:00,0.0,NE,19,10,
PORT_KESTREL_MET,2026-03-12 23:00,0.0,W,21,8,
PORT_KESTREL_MET,2026-03-13 00:00,0.0,NE,9,6,
PORT_KESTREL_MET,2026-03-13 01:00,0.0,S,9,6,
PORT_KESTREL_MET,2026-03-13 02:00,2.5,W,15,3,RA
PORT_KESTREL_MET,2026-03-13 03:00,3.3,N,15,3,RA
PORT_KESTREL_MET,2026-03-13 04:00,2.3,S,6,3,RA
PORT_KESTREL_MET,2026-03-13 05:00,1.8,NE,20,3,RA
PORT_KESTREL_MET,2026-03-13 06:00,0.0,NE,19,6,
PORT_KESTREL_MET,2026-03-13 07:00,0.0,NE,17,10,
PORT_KESTREL_MET,2026-03-13 08:00,0.0,S,21,8,
PORT_KESTREL_MET,2026-03-13 09:00,0.0,NW,8,8,
PORT_KESTREL_MET,2026-03-13 10:00,0.0,N,22,6,
PORT_KESTREL_MET,2026-03-13 11:00,0.0,E,10,6,
PORT_KESTREL_MET,2026-03-13 12:00,0.0,SE,12,8,
PORT_KESTREL_MET,2026-03-13 13:00,0.0,SE,12,10,
PORT_KESTREL_MET,2026-03-13 14:00,0.0,E,14,10,
PORT_KESTREL_MET,2026-03-13 15:00,0.0,S,7,10,
PORT_KESTREL_MET,2026-03-13 16:00,0.0,W,16,8,
PORT_KESTREL_MET,2026-03-13 17:00,0.0,S,12,8,
PORT_KESTREL_MET,2026-03-13 18:00,0.0,NW,11,8,
PORT_KESTREL_MET,2026-03-13 19:00,0.0,S,9,6,
PORT_KESTREL_MET,2026-03-13 20:00,0.0,SW,18,8,
PORT_KESTREL_MET,2026-03-13 21:00,0.0,W,18,6,
PORT_KESTREL_MET,2026-03-13 22:00,0.0,SW,16,6,
PORT_KESTREL_MET,2026-03-13 23:00,0.0,N,19,6,
PORT_KESTREL_MET,2026-03-14 00:00,0.0,SW,6,8,
PORT_KESTREL_MET,2026-03-14 01:00,0.0,E,10,10,
PORT_KESTREL_MET,2026-03-14 02:00,0.0,SE,21,10,
PORT_KESTREL_MET,2026-03-14 03:00,0.2,N,11,10,-DZ light drizzle
PORT_KESTREL_MET,2026-03-14 04:00,0.0,W,10,8,
PORT_KESTREL_MET,2026-03-14 05:00,0.0,E,10,10,
PORT_KESTREL_MET,2026-03-14 06:00,0.0,S,9,10,
PORT_KESTREL_MET,2026-03-14 07:00,0.0,SE,8,6,
PORT_KESTREL_MET,2026-03-14 08:00,0.0,N,9,10,
PORT_KESTREL_MET,2026-03-14 09:00,0.0,NE,10,8,
PORT_KESTREL_MET,2026-03-14 10:00,0.0,SW,13,8,
PORT_KESTREL_MET,2026-03-14 11:00,0.0,NW,7,10,
PORT_KESTREL_MET,2026-03-14 12:00,0.0,NW,7,10,
PORT_KESTREL_MET,2026-03-14 13:00,0.0,N,11,8,
PORT_KESTREL_MET,2026-03-14 14:00,0.0,NW,12,10,
PORT_KESTREL_MET,2026-03-14 15:00,0.0,NW,18,6,
PORT_KESTREL_MET,2026-03-14 16:00,0.0,SW,21,6,
PORT_KESTREL_MET,2026-03-14 17:00,0.0,SW,14,10,
PORT_KESTREL_MET,2026-03-14 18:00,0.0,N,8,10,
PORT_KESTREL_MET,2026-03-14 19:00,0.0,NW,7,8,
PORT_KESTREL_MET,2026-03-14 20:00,0.0,NW,12,10,
PORT_KESTREL_MET,2026-03-14 21:00,0.0,NW,8,8,
PORT_KESTREL_MET,2026-03-14 22:00,0.0,W,9,8,
PORT_KESTREL_MET,2026-03-14 23:00,0.0,NW,22,8,
PORT_KESTREL_MET,2026-03-15 00:00,0.0,SE,14,6,
PORT_KESTREL_MET,2026-03-15 01:00,0.0,W,19,10,
PORT_KESTREL_MET,2026-03-15 02:00,0.0,E,10,8,
PORT_KESTREL_MET,2026-03-15 03:00,0.0,W,17,8,
PORT_KESTREL_MET,2026-03-15 04:00,0.0,S,19,8,
PORT_KESTREL_MET,2026-03-15 05:00,0.0,SW,22,10,
PORT_KESTREL_MET,2026-03-15 06:00,0.0,E,17,6,
PORT_KESTREL_MET,2026-03-15 07:00,0.0,NW,15,6,
PORT_KESTREL_MET,2026-03-15 08:00,0.0,E,18,10,
PORT_KESTREL_MET,2026-03-15 09:00,0.0,N,15,6,
PORT_KESTREL_MET,2026-03-15 10:00,0.0,SE,11,8,
PORT_KESTREL_MET,2026-03-15 11:00,0.0,NE,14,10,
PORT_KESTREL_MET,2026-03-15 12:00,0.0,W,8,8,
PORT_KESTREL_MET,2026-03-15 13:00,0.0,N,18,10,
PORT_KESTREL_MET,2026-03-15 14:00,0.0,NW,15,6,
PORT_KESTREL_MET,2026-03-15 15:00,0.0,NE,17,6,
PORT_KESTREL_MET,2026-03-15 16:00,0.0,NW,6,10,
PORT_KESTREL_MET,2026-03-15 17:00,0.0,SE,19,6,
PORT_KESTREL_MET,2026-03-15 18:00,0.0,E,6,8,
PORT_KESTREL_MET,2026-03-15 19:00,0.0,SW,21,10,
PORT_KESTREL_MET,2026-03-15 20:00,2.1,NW,13,3,RA
PORT_KESTREL_MET,2026-03-15 21:00,2.0,E,20,3,RA
PORT_KESTREL_MET,2026-03-15 22:00,0.9,N,13,3,RA
PORT_KESTREL_MET,2026-03-15 23:00,0.0,E,12,6,
PORT_KESTREL_MET,2026-03-16 00:00,0.0,S,18,10,
PORT_KESTREL_MET,2026-03-16 01:00,0.0,NW,14,6,
PORT_KESTREL_MET,2026-03-16 02:00,0.0,SW,20,10,
PORT_KESTREL_MET,2026-03-16 03:00,0.0,SW,8,10,
PORT_KESTREL_MET,2026-03-16 04:00,0.0,S,9,10,
PORT_KESTREL_MET,2026-03-16 05:00,0.0,N,7,6,
PORT_KESTREL_MET,2026-03-16 06:00,0.0,E,9,10,
PORT_KESTREL_MET,2026-03-16 07:00,0.0,E,18,8,
PORT_KESTREL_MET,2026-03-16 08:00,0.0,N,17,6,
PORT_KESTREL_MET,2026-03-16 09:00,0.0,W,22,10,
PORT_KESTREL_MET,2026-03-16 10:00,0.0,E,9,10,
PORT_KESTREL_MET,2026-03-16 11:00,0.0,NW,12,10,
PORT_KESTREL_MET,2026-03-16 12:00,0.0,W,14,10,
PORT_KESTREL_MET,2026-03-16 13:00,0.0,SE,10,6,
PORT_KESTREL_MET,2026-03-16 14:00,0.0,NE,11,6,
PORT_KESTREL_MET,2026-03-16 15:00,0.0,SE,21,8,
PORT_KESTREL_MET,2026-03-16 16:00,0.0,NW,11,6,
PORT_KESTREL_MET,2026-03-16 17:00,0.0,SE,11,6,
PORT_KESTREL_MET,2026-03-16 18:00,0.0,W,15,10,
PORT_KESTREL_MET,2026-03-16 19:00,0.0,NE,8,10,
PORT_KESTREL_MET,2026-03-16 20:00,0.0,SE,11,10,
PORT_KESTREL_MET,2026-03-16 21:00,0.0,S,12,8,
PORT_KESTREL_MET,2026-03-16 22:00,0.0,NW,17,8,
PORT_KESTREL_MET,2026-03-16 23:00,0.0,N,21,6,
PORT_KESTREL_MET,2026-03-17 00:00,0.0,E,10,6,
PORT_KESTREL_MET,2026-03-17 01:00,0.0,E,8,10,
PORT_KESTREL_MET,2026-03-17 02:00,0.0,SE,9,10,
PORT_KESTREL_MET,2026-03-17 03:00,0.0,W,9,10,
PORT_KESTREL_MET,2026-03-17 04:00,0.0,E,18,8,
PORT_KESTREL_MET,2026-03-17 05:00,0.0,SE,15,10,
PORT_KESTREL_MET,2026-03-17 06:00,0.0,NW,16,10,
PORT_KESTREL_MET,2026-03-17 07:00,0.0,SE,8,10,
PORT_KESTREL_MET,2026-03-17 08:00,3.0,S,12,3,RA
PORT_KESTREL_MET,2026-03-17 09:00,0.9,S,8,3,RA
PORT_KESTREL_MET,2026-03-17 10:00,0.0,E,11,8,
PORT_KESTREL_MET,2026-03-17 11:00,0.0,SE,6,10,
PORT_KESTREL_MET,2026-03-17 12:00,0.0,W,10,6,
PORT_KESTREL_MET,2026-03-17 13:00,0.0,S,12,6,
PORT_KESTREL_MET,2026-03-17 14:00,0.0,NW,9,6,
PORT_KESTREL_MET,2026-03-17 15:00,0.0,S,9,6,
PORT_KESTREL_MET,2026-03-17 16:00,0.0,SE,13,6,
PORT_KESTREL_MET,2026-03-17 17:00,0.0,E,13,10,
PORT_KESTREL_MET,2026-03-17 18:00,0.0,E,8,8,
PORT_KESTREL_MET,2026-03-17 19:00,0.0,W,7,6,
PORT_KESTREL_MET,2026-03-17 20:00,0.0,W,11,10,
PORT_KESTREL_MET,2026-03-17 21:00,0.0,W,6,10,
PORT_KESTREL_MET,2026-03-17 22:00,0.0,E,14,6,
PORT_KESTREL_MET,2026-03-17 23:00,0.0,SW,8,10,
PORT_KESTREL_MET,2026-03-18 00:00,0.0,W,13,10,
PORT_KESTREL_MET,2026-03-18 01:00,0.0,NE,13,6,
PORT_KESTREL_MET,2026-03-18 02:00,0.0,N,22,6,
PORT_KESTREL_MET,2026-03-18 03:00,0.0,N,8,6,
PORT_KESTREL_MET,2026-03-18 04:00,0.0,E,19,10,
PORT_KESTREL_MET,2026-03-18 05:00,0.0,S,21,10,
PORT_KESTREL_MET,2026-03-18 06:00,0.0,SW,22,8,
PORT_KESTREL_MET,2026-03-18 07:00,0.0,W,16,6,
PORT_KESTREL_MET,2026-03-18 08:00,0.0,NE,14,10,
PORT_KESTREL_MET,2026-03-18 09:00,0.0,S,10,6,
PORT_KESTREL_MET,2026-03-18 10:00,0.0,SW,14,8,
PORT_KESTREL_MET,2026-03-18 11:00,0.0,SW,9,10,
PORT_KESTREL_MET,2026-03-18 12:00,0.0,E,22,6,
PORT_KESTREL_MET,2026-03-18 13:00,0.0,NE,22,8,
PORT_KESTREL_MET,2026-03-18 14:00,0.0,NW,21,6,
PORT_KESTREL_MET,2026-03-18 15:00,0.0,W,14,10,
PORT_KESTREL_MET,2026-03-18 16:00,0.0,E,17,10,
PORT_KESTREL_MET,2026-03-18 17:00,0.0,N,12,8,
PORT_KESTREL_MET,2026-03-18 18:00,0.0,S,15,6,
PORT_KESTREL_MET,2026-03-18 19:00,0.0,E,21,8,
PORT_KESTREL_MET,2026-03-18 20:00,0.0,S,20,10,
PORT_KESTREL_MET,2026-03-18 21:00,0.0,SE,12,10,
PORT_KESTREL_MET,2026-03-18 22:00,0.0,SE,10,10,
PORT_KESTREL_MET,2026-03-18 23:00,0.0,NW,19,8,
